atom_index_my_simulation_pos,atom_name_my_simulation_pos,rmsf_nm_my_simulation_pos
0,Ar,0.21710305849889572
1,Ar,0.19767518172820753
2,Ar,0.14899770712701166
3,Ar,0.48930480578227126
4,Ar,0.23572979334113325
5,Ar,0.2147949600778979
6,Ar,0.5032482217937687
7,Ar,0.17741356921233511
8,Ar,0.42568981416157986
9,Ar,0.2812185608794965
10,Ar,0.22768266539862347
11,Ar,0.2544334658768857
12,Ar,0.30348059147371015
13,Ar,0.43400856246060865
14,Ar,0.2900495389612944
15,Ar,0.28650052271065946
16,Ar,0.35254004274388046
17,Ar,0.31456078388725844
18,Ar,0.23444100164657322
19,Ar,0.254597363162611
20,Ar,0.2614695652148301
21,Ar,0.239056961979791
22,Ar,0.2854285933097065
23,Ar,0.21286667430912834
24,Ar,0.44946403408960445
25,Ar,0.4036876536932427
26,Ar,0.41138854276967324
27,Ar,0.5502188892528682
28,Ar,0.2504155575870853
29,Ar,0.25415698578467305
30,Ar,0.21354748532385506
31,Ar,0.33641015097343613
32,Ar,0.21185979946575115
33,Ar,0.20088015418367777
34,Ar,0.26669309629232296
35,Ar,0.23652827458508074
36,Ar,0.13293814450339034
37,Ar,0.637339572602036
38,Ar,0.29023062514756376
39,Ar,0.37107878192051247
40,Ar,0.2906792767730415
41,Ar,0.3062688751665675
42,Ar,0.35432580012672604
43,Ar,0.706590174437543
44,Ar,0.24603000997700328
45,Ar,0.3176597935508029
46,Ar,0.35649560202348224
47,Ar,0.31909109745119335
48,Ar,0.2592053657963541
49,Ar,0.4890950577653009
50,Ar,0.3849788971967179
51,Ar,0.3697875429994077
52,Ar,0.5909884001328548
53,Ar,0.4772674944358882
54,Ar,0.39054478058859826
55,Ar,0.2973339921956087
56,Ar,0.41806211242105457
57,Ar,0.2045734477973181
58,Ar,0.3247908131146621
59,Ar,0.16297261974071595
60,Ar,0.2756384135575703
61,Ar,0.22768029748820043
62,Ar,0.44488117827745544
63,Ar,1.245877470834156
64,Ar,0.33401820723574055
65,Ar,0.2855705663900323
66,Ar,0.5112983675506901
67,Ar,0.54185659193433
68,Ar,0.2266398147062657
69,Ar,0.4702752409503062
70,Ar,0.24920521366546272
71,Ar,0.2674220152607757
72,Ar,0.26126085848790187
73,Ar,0.36093020637354045
74,Ar,0.47520569048906297
75,Ar,0.19302798990802728
76,Ar,0.36407282335192126
77,Ar,0.2309248857109354
78,Ar,0.22223380047638117
79,Ar,0.38336821893066236
80,Ar,0.3354268103001894
81,Ar,0.7056269604197041
82,Ar,0.18185153458050785
83,Ar,0.23150690516264696
84,Ar,0.23633252041377187
85,Ar,0.20007206164685884
86,Ar,0.28785651370566484
87,Ar,0.2167295747382497
88,Ar,0.43665142988701877
89,Ar,0.23606446342625134
90,Ar,0.24637958052175987
91,Ar,0.2889462379971172
92,Ar,0.35668425825323263
93,Ar,0.4158909755708546
94,Ar,0.4053492185282908
95,Ar,0.2579759477409342
96,Ar,0.27377424644737913
97,Ar,0.20398485796021104
98,Ar,0.2742921040178355
99,Ar,0.6372518776090209
100,Ar,0.29580631885242054
101,Ar,0.3540329391465499
102,Ar,0.4051630146979269
103,Ar,0.3335751858201184
104,Ar,0.16665542528827743
105,Ar,0.2799502964977276
106,Ar,0.26539338018275754
107,Ar,0.40075596016027465
108,Ar,0.3733452212892617
109,Ar,0.26140584037133935
110,Ar,0.2422380248661346
111,Ar,0.3435210270239131
112,Ar,0.31450520848511504
113,Ar,0.1941389157194757
114,Ar,0.32659970750888484
115,Ar,0.2641364228416167
116,Ar,0.5207629286674679
117,Ar,0.6223368872269137
118,Ar,0.20375559399448662
119,Ar,0.4002142553313084
120,Ar,0.3111427557540747
121,Ar,0.13935248150236096
122,Ar,0.43393111514205124
123,Ar,0.3330313944876933
124,Ar,0.3757991951388773
125,Ar,0.33792249237382194
126,Ar,0.2777127952298517
127,Ar,0.25291147137765785
128,Ar,0.23893071697489032
129,Ar,0.356643678136765
130,Ar,0.798762807420708
131,Ar,0.4004723730503042
132,Ar,0.2660961920457643
133,Ar,0.13644332439649678
134,Ar,0.29256726767500696
135,Ar,0.4022929342534579
136,Ar,0.29673291911204724
137,Ar,0.18019811685341422
138,Ar,0.3632469506614483
139,Ar,0.37580828434912517
140,Ar,0.20098808209776284
141,Ar,0.2339820510672683
142,Ar,0.719747014453245
143,Ar,0.34019625375156526
144,Ar,0.958507277422313
145,Ar,0.3089916297855503
146,Ar,0.32989756691283223
147,Ar,0.447650347840808
148,Ar,0.4450284164725755
149,Ar,0.3858050031067111
150,Ar,0.28520377414657827
151,Ar,0.3245421136249354
152,Ar,0.3847108200907997
153,Ar,0.39749145674398945
154,Ar,0.2392499116639
155,Ar,0.31524584013010293
156,Ar,0.38108911535526757
157,Ar,0.39055614366317737
158,Ar,0.5369481983990628
159,Ar,0.25156889905634666
160,Ar,0.40624058358378656
161,Ar,0.25746097418761765
162,Ar,0.43627964154321924
163,Ar,0.21468251582968206
164,Ar,0.393144983930708
165,Ar,0.2257649555372341
166,Ar,0.22172036267841516
167,Ar,0.2130221446397182
168,Ar,0.34931870172001533
169,Ar,0.3654697629675201
170,Ar,0.3954144264732065
171,Ar,0.18963787576314417
172,Ar,0.3614552225863141
173,Ar,0.4740432837471062
174,Ar,0.1644764722129111
175,Ar,0.427333052125862
176,Ar,0.3416589431398736
177,Ar,0.3422084793726531
178,Ar,0.23494471573448159
179,Ar,0.5187153051293353
180,Ar,0.2941857797838319
181,Ar,0.2558094492693775
182,Ar,0.5510917780052
183,Ar,0.3577108382454619
184,Ar,0.3475948466059976
185,Ar,0.3257988358735631
186,Ar,0.25379916699787064
187,Ar,0.22909061233403055
188,Ar,0.15882563787429177
189,Ar,0.1897255090695302
190,Ar,0.11480240644791602
191,Ar,0.3162326269568749
192,Ar,0.48947678660089095
193,Ar,0.36220464617671294
194,Ar,0.8548028864729085
195,Ar,0.29925588046996143
196,Ar,0.431790549529688
197,Ar,0.4489997839410043
198,Ar,0.3098925862414693
199,Ar,0.5366701907013501
200,Ar,0.481300530790768
201,Ar,0.21607722171391172
202,Ar,0.3582657095645182
203,Ar,0.3212263983459735
204,Ar,0.23485982134830613
205,Ar,0.12685506856319065
206,Ar,0.23273577535565831
207,Ar,0.3430089668854725
208,Ar,0.6059758016012432
209,Ar,0.2980469025568837
210,Ar,0.37621327879127464
211,Ar,0.32400434085526814
212,Ar,0.5371646440468646
213,Ar,0.2934267737479214
214,Ar,0.26586645971294304
215,Ar,0.2975007522336427
216,Ar,0.46809837654280784
217,Ar,0.4825589417003311
218,Ar,0.6668011646378329
219,Ar,0.3818306421699028
220,Ar,0.18372710654104793
221,Ar,0.483283846043365
222,Ar,0.19061784507430146
223,Ar,0.4285044867638533
224,Ar,0.12362737640736933
225,Ar,0.29741601825548164
226,Ar,0.3089094649465006
227,Ar,0.3947200028154132
228,Ar,0.34666301473558586
229,Ar,0.1977395756865684
230,Ar,0.23016845955272067
231,Ar,0.2511698801251005
232,Ar,0.5229236273016534
233,Ar,0.180690629345285
234,Ar,0.5879237894781049
235,Ar,0.2140264273022744
236,Ar,0.4946377804129234
237,Ar,0.24877373940336006
238,Ar,0.17476944632206998
239,Ar,0.7980527696705058
240,Ar,0.4566187222316951
241,Ar,0.23998437508317141
242,Ar,0.4740948487438683
243,Ar,0.1950546791439922
244,Ar,0.5130557281262124
245,Ar,0.284254137577959
246,Ar,0.21279249298031128
247,Ar,0.448187284386781
248,Ar,0.26760009700371346
249,Ar,0.21073807576945652
250,Ar,0.640019610258082
251,Ar,0.20941751192647517
252,Ar,0.21704343069655366
253,Ar,0.4394823202448036
254,Ar,0.34604663516808815
255,Ar,0.1688658966580568
256,Ar,0.4367704858445665
257,Ar,0.3454402033360388
258,Ar,0.2735655498903983
259,Ar,0.21695774937476225
260,Ar,0.31389791775104886
261,Ar,0.3322509635484794
262,Ar,0.32563247907022685
263,Ar,0.24498529422825133
264,Ar,0.8157431955115766
265,Ar,0.19285504502743808
266,Ar,0.3247167871897127
267,Ar,0.2633727118750538
268,Ar,0.4391343780687688
269,Ar,0.21102254416998312
270,Ar,0.26922502355816885
271,Ar,0.3357021973235235
272,Ar,0.31755196784233947
273,Ar,0.24531055460764847
274,Ar,0.20275329505248435
275,Ar,0.8352195107058957
276,Ar,0.2916827524030375
277,Ar,0.21942244188905305
278,Ar,0.24406384539027295
279,Ar,0.2430053617276747
280,Ar,0.5504562018515191
281,Ar,0.5075378188677021
282,Ar,0.41608263896905406
283,Ar,0.4333957533952745
284,Ar,0.19238528663574014
285,Ar,0.3095408070780817
286,Ar,0.1824533055295227
287,Ar,0.6323219088884346
288,Ar,0.3119897925276351
289,Ar,0.39380237870214324
290,Ar,0.41175053675465034
291,Ar,0.5064322219065175
292,Ar,0.4442487354740907
293,Ar,0.22413963643589166
294,Ar,0.33525267797317715
295,Ar,0.41923216136375396
296,Ar,0.1911539564322093
297,Ar,0.2789297024574836
298,Ar,0.36905636847821194
299,Ar,0.3163713826648827
300,Ar,0.4074632982920766
301,Ar,0.32341154409918843
302,Ar,0.4742931116246547
303,Ar,0.25582689256652774
304,Ar,0.24802924632738568
305,Ar,0.38455570500705
306,Ar,0.23971191654847124
307,Ar,0.43215103356760076
308,Ar,0.18725470480495432
309,Ar,0.510742491248529
310,Ar,0.2781426765942156
311,Ar,0.46002452710658986
312,Ar,0.22958890153187358
313,Ar,0.17933220361152524
314,Ar,0.4066070596724045
315,Ar,0.23508915837717098
316,Ar,0.18140775997128622
317,Ar,0.19868130848594598
318,Ar,0.35121142080234374
319,Ar,0.40037500348650457
320,Ar,0.35662986534222035
321,Ar,0.38193847361828415
322,Ar,0.236944234575924
323,Ar,0.2308444280760096
324,Ar,0.21391972079549024
325,Ar,0.2585692931889032
326,Ar,0.6368263087516968
327,Ar,0.21275567506917928
328,Ar,0.37624002012478097
329,Ar,0.20275442417035502
330,Ar,0.16162987959638367
331,Ar,0.46923006804288353
332,Ar,0.4486601380381165
333,Ar,0.27778184177750553
334,Ar,0.20885180011165103
335,Ar,0.6078242010293959
336,Ar,0.14783177247107573
337,Ar,0.3852591069390068
338,Ar,0.44746334763654955
339,Ar,0.25207250244618457
340,Ar,0.45716710576960173
341,Ar,0.35145571109927465
342,Ar,0.4535529987317341
343,Ar,0.2926511052324516
344,Ar,0.1988989933159577
345,Ar,0.28759024786415016
346,Ar,0.2411233013875598
347,Ar,0.6457433860701693
348,Ar,0.18749951128121572
349,Ar,0.4138549893161516
350,Ar,0.3422538615513121
351,Ar,0.2591658203689962
352,Ar,0.292843667168565
353,Ar,0.1940827143760129
354,Ar,0.21826791995547684
355,Ar,0.3047939364774941
356,Ar,0.24788960381827346
357,Ar,0.29585903524129903
358,Ar,0.5396607412793111
359,Ar,0.19531778504147157
360,Ar,0.24783919698174162
361,Ar,0.3332316474083005
362,Ar,0.24618221039082192
363,Ar,0.3608874096394525
364,Ar,0.238804260588822
365,Ar,0.22692919380605345
366,Ar,0.27767131679973056
367,Ar,0.4057725486615675
368,Ar,0.45040587029622825
369,Ar,0.22748197316928895
370,Ar,0.23497989904327699
371,Ar,0.33676412666277783
372,Ar,0.27974693860305194
373,Ar,0.24750273722082544
374,Ar,0.21278953061562755
375,Ar,0.22055463462143035
376,Ar,0.23842224824066302
377,Ar,0.29347280173199863
378,Ar,0.5288666396482529
379,Ar,0.22809613717162916
380,Ar,0.2750816507001128
381,Ar,0.24971828821012576
382,Ar,0.4371504632080131
383,Ar,0.28427116867812846
384,Ar,0.19995263783729592
385,Ar,0.41241841304149923
386,Ar,0.4220859816250987
387,Ar,0.2951769876780025
388,Ar,0.3179833880479869
389,Ar,0.4267632692838948
390,Ar,0.4541020672031859
391,Ar,0.3144285379553873
392,Ar,0.42005194726029266
393,Ar,0.3451792578106292
394,Ar,0.16360802485385714
395,Ar,0.30158392767565445
396,Ar,0.8216993602662594
397,Ar,0.5933439816067224
398,Ar,0.26183708978715114
399,Ar,0.2813018854391844
400,Ar,0.22464229092628893
401,Ar,0.2558179711681179
402,Ar,0.3904283890372255
403,Ar,0.285212823719166
404,Ar,0.6117236166942319
405,Ar,0.3188415912063252
406,Ar,0.33657946284366363
407,Ar,0.33448656431698853
408,Ar,0.2130835721425022
409,Ar,0.26609530239975016
410,Ar,0.28049417917326425
411,Ar,0.19958608085729918
412,Ar,0.3327753110238766
413,Ar,0.25861773710557057
414,Ar,0.2658063528387165
415,Ar,0.5700040579689475
416,Ar,0.3195831742804835
417,Ar,0.19264741733572918
418,Ar,0.4646847060723401
419,Ar,0.3426828834734137
420,Ar,0.23139197460974745
421,Ar,0.3997720494425636
422,Ar,0.28751040323723986
423,Ar,0.3165986435076273
424,Ar,0.468296733587073
425,Ar,0.37568059248788055
426,Ar,0.3360499725600003
427,Ar,0.37902568155402216
428,Ar,0.3422180700132007
429,Ar,0.3333213679487293
430,Ar,0.6028250636482313
431,Ar,0.5736598957313913
432,Ar,0.4904770226358422
433,Ar,0.2054322335713263
434,Ar,0.38071296478261824
435,Ar,0.24104667696268903
436,Ar,0.3549058792092717
437,Ar,0.1834692487107237
438,Ar,0.3590579112968094
439,Ar,0.29641720143017386
440,Ar,0.23362862337990095
441,Ar,0.3039797258936503
442,Ar,0.32420038005945906
443,Ar,0.35763811722727884
444,Ar,0.7324052322480299
445,Ar,0.37737193552951653
446,Ar,0.683194832623542
447,Ar,0.1565175455819982
448,Ar,0.2719899231769336
449,Ar,0.31772518302412356
450,Ar,0.20582281648695913
451,Ar,0.5009037981758973
452,Ar,0.6019460817859167
453,Ar,0.32635757713974467
454,Ar,0.2188029200248997
455,Ar,0.22956571465174974
456,Ar,0.15368063327314743
457,Ar,0.3247012002416078
458,Ar,0.7401632584470477
459,Ar,0.4973993268710552
460,Ar,0.2712284697219279
461,Ar,0.5004612167893616
462,Ar,0.35707543941894304
463,Ar,0.25873302160954675
464,Ar,0.27196341422532105
465,Ar,0.4519257188039234
466,Ar,0.4570552592427898
467,Ar,0.19106124101906394
468,Ar,0.3463509160622923
469,Ar,0.5113330446138816
470,Ar,0.39806636587236677
471,Ar,0.214830843254365
472,Ar,0.23855164506357193
473,Ar,0.31904241304155123
474,Ar,0.23189401202734422
475,Ar,0.1580260771684485
476,Ar,0.4711940655286219
477,Ar,0.36282321423741914
478,Ar,0.17534314413064486
479,Ar,0.34317595894986425
480,Ar,0.27356679366342873
481,Ar,0.2580888279075746
482,Ar,0.32124711783692156
483,Ar,0.41162401397278675
484,Ar,0.1146309564481076
485,Ar,0.7623233418835509
486,Ar,0.4745457073729817
487,Ar,0.52429809124863
488,Ar,0.46386523097014576
489,Ar,0.24495998035786715
490,Ar,0.22914215556055517
491,Ar,0.3357080775985376
492,Ar,0.20668592248337966
493,Ar,0.3114074030853477
494,Ar,0.2527896471743844
495,Ar,0.2820350603629744
496,Ar,0.2999318125389724
497,Ar,0.25936407354327584
498,Ar,0.20466133028932257
499,Ar,0.45530355612612566
